{
    "accuracy": 0.8646245826539327,
    "precision": 0.9964328180737217,
    "recall": 0.795868700658871,
    "f1_score": 0.8849288849288849,
    "auc": 0.9924408829025216
}