{
    "accuracy": 0.9036804099697181,
    "precision": 0.9884400924792601,
    "recall": 0.8628242417047546,
    "f1_score": 0.921370392672646,
    "auc": 0.9896955253882539
}